Text_Type,Book,Chapter,Window,Mean,StDev,normalised
SN,CS,nidana,210,14.6,11.19,0
SN,CS,nidana,135,15.98,12.19,2.50590158
SN,CS,nidana,209,16.16,10.03,2.832758308
SN,CS,nidana,133,16.21,14.14,2.923551843
SN,CS,nidana,134,16.32,12.57,3.123297621
SN,CS,nidana,131,16.43,15.16,3.323043399
SN,CS,nidana,46,16.5,10.49,3.450154349
SN,CS,nidana,136,16.5,11.64,3.450154349
SN,CS,nidana,237,16.79,10.77,3.976756855
SN,CS,nidana,48,16.99,11.53,4.339930997
SN,CS,nidana,55,17.07,11.47,4.485200654
SN,CS,nidana,137,17.07,11.75,4.485200654
SN,CS,nidana,54,17.18,11.29,4.684946432
SN,CS,nidana,236,17.22,10.93,4.75758126
SN,CS,nidana,239,17.24,11.57,4.793898674
SN,CS,nidana,130,17.29,16.15,4.88469221
SN,CS,nidana,238,17.31,11.22,4.921009624
SN,CS,nidana,208,17.32,8.6,4.939168331
SN,CS,nidana,56,17.37,11.52,5.029961867
SN,CS,nidana,138,17.37,11.17,5.029961867
SN,CS,nidana,132,17.47,15.29,5.211548938
SN,CS,nidana,139,17.51,11.2,5.284183766
SN,CS,nidana,47,17.53,11.17,5.32050118
SN,CS,nidana,140,17.56,11.23,5.374977302
SN,CS,nidana,53,17.57,11.44,5.393136009
SN,CS,nidana,64,17.65,11.46,5.538405666
SN,CS,nidana,65,17.7,11.15,5.629199201
SN,CS,nidana,211,17.72,16.36,5.665516615
SN,CS,nidana,49,17.76,11.37,5.738151444
SN,CS,nidana,57,17.8,11.59,5.810786272
SN,CS,nidana,63,17.8,11.55,5.810786272
SN,CS,nidana,51,17.81,11.52,5.828944979
SN,CS,nidana,212,17.85,17.07,5.901579808
SN,CS,nidana,141,17.87,10.76,5.937897222
SN,CS,nidana,142,17.91,10.78,6.01053205
SN,CS,nidana,66,17.96,10.92,6.101325586
SN,CS,nidana,58,17.99,11.84,6.155801707
SN,CS,nidana,2,18,12.46,6.173960414
SN,CS,nidana,234,18.03,14.41,6.228436535
SN,CS,nidana,50,18.11,11.58,6.373706192
SN,CS,nidana,62,18.12,11.71,6.391864899
SN,CS,nidana,52,18.14,11.69,6.428182313
SN,CS,nidana,60,18.15,11.74,6.446341021
SN,CS,nidana,38,18.16,9.21,6.464499728
SN,CS,nidana,129,18.16,16.95,6.464499728
SN,CS,nidana,143,18.29,10.51,6.70056292
SN,CS,nidana,231,18.3,16.17,6.718721627
SN,CS,nidana,45,18.33,10.82,6.773197748
SN,CS,nidana,213,18.34,17.41,6.791356455
SN,CS,nidana,61,18.36,11.99,6.82767387
SN,CS,nidana,36,18.39,9.32,6.882149991
SN,CS,nidana,321,18.44,8.61,6.972943526
SN,CS,nidana,206,18.47,8.77,7.027419648
SN,CS,nidana,314,18.48,12.02,7.045578355
SN,CS,nidana,37,18.51,9.27,7.100054476
SN,CS,nidana,43,18.53,10.58,7.13637189
SN,CS,nidana,39,18.61,9.17,7.281641547
SN,CS,nidana,316,18.72,9.74,7.481387325
SN,CS,nidana,59,18.75,11.84,7.535863447
SN,CS,nidana,207,18.77,9.05,7.572180861
SN,CS,nidana,40,18.82,9.15,7.662974396
SN,CS,nidana,229,18.82,16.69,7.662974396
SN,CS,nidana,35,18.84,9.82,7.69929181
SN,CS,nidana,230,18.85,16.91,7.717450518
SN,CS,nidana,214,18.9,17.92,7.808244053
SN,CS,nidana,233,18.93,16.71,7.862720174
SN,CS,nidana,235,18.95,14.69,7.899037589
SN,CS,nidana,31,18.96,14.98,7.917196296
SN,CS,nidana,232,18.96,16.45,7.917196296
SN,CS,nidana,319,19,8.5,7.989831124
SN,CS,nidana,322,19.01,8.76,8.007989831
SN,CS,nidana,145,19.02,10.09,8.026148538
SN,CS,nidana,313,19.11,13.38,8.189576902
SN,CS,nidana,67,19.14,10.63,8.244053023
SN,CS,nidana,315,19.19,10.72,8.334846559
SN,CS,nidana,317,19.23,9.6,8.407481387
SN,CS,nidana,144,19.29,10.41,8.51643363
SN,CS,nidana,34,19.3,11.06,8.534592337
SN,CS,nidana,44,19.32,9.67,8.570909751
SN,CS,nidana,312,19.34,13.61,8.607227165
SN,CS,nidana,323,19.36,9.65,8.64354458
SN,CS,nidana,32,19.44,14.52,8.788814236
SN,CS,nidana,243,19.53,14.82,8.9522426
SN,CS,nidana,334,19.6,13.67,9.07935355
SN,CS,nidana,330,19.65,13.36,9.170147086
SN,CS,nidana,5,19.66,17.77,9.188305793
SN,CS,nidana,241,19.66,10.95,9.188305793
SN,CS,nidana,227,19.68,17.85,9.224623207
SN,CS,nidana,4,19.7,16.42,9.260940621
SN,CS,nidana,336,19.76,13.81,9.369892864
SN,CS,nidana,335,19.86,13.58,9.551479935
SN,CS,nidana,1,19.91,12.1,9.64227347
SN,CS,nidana,318,19.94,8.62,9.696749591
SN,CS,nidana,331,20,14.25,9.805701834
SN,CS,nidana,333,20.14,13.87,10.05992373
SN,CS,nidana,215,20.17,19.38,10.11439985
SN,CS,nidana,41,20.19,9.37,10.15071727
SN,CS,nidana,33,20.21,13.06,10.18703468
SN,CS,nidana,244,20.22,16.21,10.20519339
SN,CS,nidana,324,20.26,10.43,10.27782822
SN,CS,nidana,332,20.26,14.22,10.27782822
SN,CS,nidana,94,20.29,8.16,10.33230434
SN,CS,nidana,226,20.3,18.18,10.35046305
SN,CS,nidana,228,20.31,16.44,10.36862175
SN,CS,nidana,242,20.31,14.39,10.36862175
SN,CS,nidana,277,20.33,15.49,10.40493917
SN,CS,nidana,225,20.42,19.03,10.56836753
SN,CS,nidana,309,20.45,14.68,10.62284365
SN,CS,nidana,30,20.46,17.8,10.64100236
SN,CS,nidana,128,20.55,18.2,10.80443072
SN,CS,nidana,308,20.55,15.6,10.80443072
SN,CS,nidana,3,20.67,16.46,11.02233521
SN,CS,nidana,279,20.69,17.32,11.05865262
SN,CS,nidana,320,20.71,8.83,11.09497004
SN,CS,nidana,240,20.76,12.01,11.18576357
SN,CS,nidana,310,20.8,14.81,11.2583984
SN,CS,nidana,246,20.81,17.3,11.27655711
SN,CS,nidana,276,20.83,15.03,11.31287452
SN,CS,nidana,216,20.86,20.65,11.36735064
SN,CS,nidana,93,20.98,7.97,11.58525513
SN,CS,nidana,123,20.98,14.94,11.58525513
SN,CS,nidana,325,21.05,11.3,11.71236608
SN,CS,nidana,121,21.16,18.06,11.91211186
SN,CS,nidana,127,21.35,18.86,12.25712729
SN,CS,nidana,204,21.36,9.96,12.275286
SN,CS,nidana,122,21.37,15.37,12.29344471
SN,CS,nidana,311,21.42,14.48,12.38423824
SN,CS,nidana,6,21.5,19.76,12.5295079
SN,CS,nidana,278,21.53,17.99,12.58398402
SN,CS,nidana,328,21.55,11.48,12.62030143
SN,CS,nidana,126,21.57,19.69,12.65661885
SN,CS,nidana,329,21.57,11.69,12.65661885
SN,CS,nidana,327,21.58,11.76,12.67477756
SN,CS,nidana,224,21.59,18.79,12.69293626
SN,CS,nidana,220,21.63,20.52,12.76557109
SN,CS,nidana,219,21.64,20.5,12.7837298
SN,CS,nidana,223,21.65,19.81,12.80188851
SN,CS,nidana,245,21.68,17.42,12.85636463
SN,CS,nidana,7,21.7,19.22,12.89268204
SN,CS,nidana,29,21.71,19.82,12.91084075
SN,CS,nidana,125,21.71,18.97,12.91084075
SN,CS,nidana,275,21.73,17.56,12.94715816
SN,CS,nidana,221,21.76,20.52,13.00163428
SN,CS,nidana,218,21.83,20.49,13.12874523
SN,CS,nidana,307,21.87,17.57,13.20138006
SN,CS,nidana,222,21.95,20.57,13.34664972
SN,CS,nidana,28,21.98,20.31,13.40112584
SN,CS,nidana,146,22.02,11.72,13.47376067
SN,CS,nidana,69,22.05,12.19,13.52823679
SN,CS,nidana,205,22.05,9.7,13.52823679
SN,CS,nidana,217,22.07,20.7,13.5645542
SN,CS,nidana,124,22.17,18.23,13.74614127
SN,CS,nidana,68,22.24,11.93,13.87325222
SN,CS,nidana,326,22.46,11.74,14.27274378
SN,CS,nidana,42,22.62,9.74,14.56328309
SN,CS,nidana,280,22.69,18.46,14.69039404
SN,CS,nidana,120,22.71,17.55,14.72671146
SN,CS,nidana,274,22.72,19.33,14.74487017
SN,CS,nidana,192,22.86,11.2,14.99909206
SN,CS,nidana,8,22.9,20.85,15.07172689
SN,CS,nidana,281,22.96,18.53,15.18067914
SN,CS,nidana,248,23.18,20.2,15.58017069
SN,CS,nidana,95,23.37,11,15.92518613
SN,CS,nidana,119,23.37,18.43,15.92518613
SN,CS,nidana,247,23.51,20.17,16.17940803
SN,CS,nidana,148,23.59,12.64,16.32467768
SN,CS,nidana,189,23.67,12.1,16.46994734
SN,CS,nidana,249,23.69,20.57,16.50626475
SN,CS,nidana,292,23.69,21.66,16.50626475
SN,CS,nidana,287,23.76,19.61,16.6333757
SN,CS,nidana,203,23.84,11.35,16.77864536
SN,CS,nidana,190,23.87,12.15,16.83312148
SN,CS,nidana,191,23.88,12.02,16.85128019
SN,CS,nidana,147,23.92,12.59,16.92391502
SN,CS,nidana,270,23.96,20.91,16.99654985
SN,CS,nidana,286,24.04,19.72,17.1418195
SN,CS,nidana,188,24.1,12.29,17.25077175
SN,CS,nidana,187,24.13,12.42,17.30524787
SN,CS,nidana,273,24.32,20.17,17.6502633
SN,CS,nidana,272,24.41,20.13,17.81369167
SN,CS,nidana,288,24.57,21.12,18.10423098
SN,CS,nidana,96,24.61,12.71,18.17686581
SN,CS,nidana,186,24.77,12.77,18.46740512
SN,CS,nidana,118,24.84,19.63,18.59451607
SN,CS,nidana,285,24.85,20.61,18.61267478
SN,CS,nidana,184,24.87,13.12,18.64899219
SN,CS,nidana,289,25.07,21.92,19.01216633
SN,CS,nidana,9,25.1,22.96,19.06664246
SN,CS,nidana,17,25.15,23.73,19.15743599
SN,CS,nidana,16,25.17,23.41,19.1937534
SN,CS,nidana,283,25.19,20.75,19.23007082
SN,CS,nidana,269,25.25,21.82,19.33902306
SN,CS,nidana,284,25.36,21.01,19.53876884
SN,CS,nidana,290,25.36,23.03,19.53876884
SN,CS,nidana,267,25.48,22.58,19.75667332
SN,CS,nidana,183,25.51,13.79,19.81114945
SN,CS,nidana,305,25.54,22.96,19.86562557
SN,CS,nidana,185,25.57,13.49,19.92010169
SN,CS,nidana,291,25.57,23.72,19.92010169
SN,CS,nidana,18,25.61,24.26,19.99273652
SN,CS,nidana,193,25.61,13.26,19.99273652
SN,CS,nidana,265,25.76,21.46,20.26511712
SN,CS,nidana,24,25.78,26.13,20.30143454
SN,CS,nidana,264,25.81,21.99,20.35591066
SN,CS,nidana,15,25.85,23.98,20.42854549
SN,CS,nidana,174,26.01,13.12,20.7190848
SN,CS,nidana,271,26.02,22.22,20.73724351
SN,CS,nidana,25,26.23,26,21.11857636
SN,CS,nidana,27,26.32,24.46,21.28200472
SN,CS,nidana,10,26.39,24.47,21.40911567
SN,CS,nidana,97,26.4,15.23,21.42727438
SN,CS,nidana,250,26.44,22.13,21.49990921
SN,CS,nidana,268,26.45,23.17,21.51806791
SN,CS,nidana,263,26.55,22.38,21.69965498
SN,CS,nidana,11,26.57,24.33,21.7359724
SN,CS,nidana,13,26.79,24.22,22.13546395
SN,CS,nidana,70,26.83,15.76,22.20809878
SN,CS,nidana,98,26.93,15.92,22.38968585
SN,CS,nidana,99,26.93,16.64,22.38968585
SN,CS,nidana,23,26.94,26.38,22.40784456
SN,CS,nidana,306,27.01,22.84,22.53495551
SN,CS,nidana,282,27.07,20.37,22.64390775
SN,CS,nidana,26,27.12,25.51,22.73470129
SN,CS,nidana,14,27.48,25.22,23.38841474
SN,CS,nidana,266,27.48,23.09,23.38841474
SN,CS,nidana,117,27.49,23.28,23.40657345
SN,CS,nidana,100,27.51,17.8,23.44289087
SN,CS,nidana,171,27.54,13.2,23.49736699
SN,CS,nidana,21,27.65,26.9,23.69711277
SN,CS,nidana,173,27.65,13.3,23.69711277
SN,CS,nidana,19,27.74,25.63,23.86054113
SN,CS,nidana,304,27.83,25.63,24.02396949
SN,CS,nidana,293,27.91,25.15,24.16923915
SN,CS,nidana,202,27.93,13.69,24.20555656
SN,CS,nidana,175,27.94,14.51,24.22371527
SN,CS,nidana,172,27.95,13.39,24.24187398
SN,CS,nidana,22,27.97,27.04,24.27819139
SN,CS,nidana,115,27.99,25,24.31450881
SN,CS,nidana,12,28,25.21,24.33266751
SN,CS,nidana,303,28.03,25.87,24.38714364
SN,CS,nidana,101,28.08,18.37,24.47793717
SN,CS,nidana,20,28.16,26.33,24.62320683
SN,CS,nidana,182,28.26,15.97,24.8047939
SN,CS,nidana,104,28.5,21.62,25.24060287
SN,CS,nidana,170,28.69,14.05,25.5856183
SN,CS,nidana,105,28.92,23.28,26.00326857
SN,CS,nidana,302,28.93,26.9,26.02142727
SN,CS,nidana,181,29.08,16.7,26.29380788
SN,CS,nidana,116,29.13,25.05,26.38460142
SN,CS,nidana,261,29.13,23.33,26.38460142
SN,CS,nidana,71,29.14,17.05,26.40276012
SN,CS,nidana,102,29.24,19.23,26.58434719
SN,CS,nidana,103,29.25,20.09,26.6025059
SN,CS,nidana,169,29.29,14.66,26.67514073
SN,CS,nidana,262,29.31,23.62,26.71145814
SN,CS,nidana,294,29.43,26.28,26.92936263
SN,CS,nidana,92,29.46,13.41,26.98383875
SN,CS,nidana,106,29.53,24.65,27.1109497
SN,CS,nidana,201,29.79,14.46,27.58307608
SN,CS,nidana,176,29.81,16.06,27.6193935
SN,CS,nidana,254,29.87,24.62,27.72834574
SN,CS,nidana,256,29.87,24.58,27.72834574
SN,CS,nidana,253,29.95,24.89,27.8736154
SN,CS,nidana,255,29.96,24.79,27.89177411
SN,CS,nidana,301,30.14,26.7,28.21863083
SN,CS,nidana,251,30.15,25.03,28.23678954
SN,CS,nidana,114,30.2,26.63,28.32758308
SN,CS,nidana,107,30.35,25.17,28.59996368
SN,CS,nidana,300,30.46,26.82,28.79970946
SN,CS,nidana,257,30.55,25.12,28.96313782
SN,CS,nidana,108,30.63,25.72,29.10840748
SN,CS,nidana,295,30.7,27.03,29.23551843
SN,CS,nidana,260,30.72,24.43,29.27183585
SN,CS,nidana,252,31.05,25.89,29.87107318
SN,CS,nidana,296,31.09,27.44,29.94370801
SN,CS,nidana,297,31.18,27.21,30.10713637
SN,CS,nidana,200,31.27,15.76,30.27056474
SN,CS,nidana,177,31.28,17.33,30.28872344
SN,CS,nidana,110,31.44,27.85,30.57926276
SN,CS,nidana,259,31.61,26.02,30.88796078
SN,CS,nidana,180,31.67,17.7,30.99691302
SN,CS,nidana,298,31.77,27.36,31.17850009
SN,CS,nidana,258,31.88,26.28,31.37824587
SN,CS,nidana,299,31.97,27.72,31.54167423
SN,CS,nidana,112,32.01,28.02,31.61430906
SN,CS,nidana,113,32.22,27.9,31.99564191
SN,CS,nidana,179,32.65,18.11,32.77646632
SN,CS,nidana,199,32.84,16.58,33.12148175
SN,CS,nidana,109,32.86,27.53,33.15779916
SN,CS,nidana,194,33.07,16.68,33.53913201
SN,CS,nidana,111,33.08,29.07,33.55729072
SN,CS,nidana,178,33.12,18.23,33.62992555
SN,CS,nidana,195,34.32,17.66,35.8089704
SN,CS,nidana,168,34.84,18.7,36.75322317
SN,CS,nidana,198,35.04,18.04,37.11639731
SN,CS,nidana,149,35.16,20.41,37.3343018
SN,CS,nidana,197,35.41,18.66,37.78826948
SN,CS,nidana,72,35.79,20.89,38.47830035
SN,CS,nidana,196,36.19,19.27,39.20464863
SN,CS,nidana,153,36.34,21.71,39.47702924
SN,CS,nidana,154,36.86,21.96,40.421282
SN,CS,nidana,157,37.36,22.31,41.32921736
SN,CS,nidana,160,37.54,22.3,41.65607409
SN,CS,nidana,159,37.68,22.19,41.91029599
SN,CS,nidana,156,37.69,22.41,41.92845469
SN,CS,nidana,158,37.8,22.45,42.12820047
SN,CS,nidana,91,38.04,18.89,42.56400944
SN,CS,nidana,155,38.11,22.63,42.69112039
SN,CS,nidana,152,38.42,22.9,43.25404031
SN,CS,nidana,161,38.53,22.52,43.45378609
SN,CS,nidana,151,39.02,23.01,44.34356274
SN,CS,nidana,162,39.11,22.54,44.5069911
SN,CS,nidana,90,39.81,20.91,45.7781006
SN,CS,nidana,150,39.84,22.11,45.83257672
SN,CS,nidana,167,40.2,22.45,46.48629018
SN,CS,nidana,163,40.32,22.64,46.70419466
SN,CS,nidana,164,40.72,22.99,47.43054295
SN,CS,nidana,165,40.88,22.89,47.72108226
SN,CS,nidana,166,40.94,23.02,47.8300345
SN,CS,nidana,73,42.61,24.91,50.86253859
SN,CS,nidana,74,48.03,27.12,60.70455784
SN,CS,nidana,89,51.88,26.77,67.69566007
SN,CS,nidana,75,60.18,31.89,82.76738696
SN,CS,nidana,88,61.54,30.46,85.23697113
SN,CS,nidana,79,62.55,33.55,87.07100054
SN,CS,nidana,77,62.64,33.46,87.23442891
SN,CS,nidana,78,63.82,33.87,89.37715635
SN,CS,nidana,76,64.03,33.96,89.7584892
SN,CS,nidana,80,65.62,34.37,92.64572362
SN,CS,nidana,83,65.94,33.11,93.22680225
SN,CS,nidana,85,66.62,33.22,94.46159433
SN,CS,nidana,87,67.01,32.65,95.16978391
SN,CS,nidana,84,67.6,33.24,96.24114763
SN,CS,nidana,81,68.31,34.98,97.53041583
SN,CS,nidana,86,69.25,33.67,99.2373343
SN,CS,nidana,82,69.67,35.32,100
